,VehId,Engine Type,Vehicle Class,Engine Configuration & Displacement,Transmission,Drive Wheels,Generalized_Weight
0,2,ICE,Car,4-FI 2.0L T/C,NO DATA,NO DATA,3500
1,5,HEV,Car,4-GAS/ELECTRIC 2.0L,NO DATA,NO DATA,3500
2,7,ICE,SUV,6-FI 3.6L,AUTOMATIC,NO DATA,4500
3,8,ICE,Car,4-FI 1.5L,5-SP MANUAL,NO DATA,2500
4,12,ICE,Car,4-FI 1.8L,NO DATA,NO DATA,2500
5,108,ICE,NO DATA,8-4V/FI 6.0L,6-SP AUTOMATIC,NO DATA,6000
6,110,ICE,NO DATA,6-FI 3.6L,NO DATA,NO DATA,4500
7,115,HEV,NO DATA,4-GAS/ELECTRIC 2.5L,NO DATA,NO DATA,3500
8,116,ICE,NO DATA,10-FI 6.8L,NO DATA,NO DATA,NO DATA
9,119,ICE,NO DATA,8-DSL 6.7L T/C,NO DATA,NO DATA,6500
10,120,ICE,NO DATA,8-4V/FI 6.0L,NO DATA,NO DATA,6000
11,123,ICE,NO DATA,4-FI 1.8L,5-SP AUTOMATIC,NO DATA,2500
12,124,HEV,NO DATA,4-GAS/ELECTRIC 1.8L,NO DATA,NO DATA,3000
13,125,HEV,NO DATA,4-GAS/ELECTRIC 2.4L,NO DATA,NO DATA,3500
14,126,ICE,NO DATA,8-FI 4.7L,NO DATA,NO DATA,4000
15,128,ICE,NO DATA,6-FI 3.4L,NO DATA,NO DATA,3500
16,129,ICE,NO DATA,4-FI 2.4L,NO DATA,NO DATA,4000
17,130,ICE,NO DATA,4-FI 2.4L,CVT,NO DATA,3500
18,131,ICE,NO DATA,8-FI 5.3L ,NO DATA,NO DATA,5500
19,132,ICE,NO DATA,6-FI 3.5L,NO DATA,NO DATA,3500
20,133,ICE,NO DATA,4-FI 2.4L,5-SP AUTOMATIC,NO DATA,3500
21,135,ICE,NO DATA,4-FI 2.5L,NO DATA,NO DATA,3500
22,137,ICE,NO DATA,4-FI 2.0L,NO DATA,NO DATA,3000
23,138,ICE,NO DATA,4-FI 2.0L PZEV,NO DATA,NO DATA,2500
24,139,ICE,NO DATA,4-FI 2.0L,AUTOMATIC/CVT,NO DATA,3000
25,140,ICE,NO DATA,4-FI 2.5L,NO DATA,NO DATA,3500
26,141,ICE,NO DATA,4-FI 2.5L,NO DATA,NO DATA,3500
27,142,ICE,NO DATA,4-FI 2.5L,AUTOMATIC/CVT,NO DATA,3500
28,143,ICE,NO DATA,8-FI 4.8L,NO DATA,NO DATA,5500
29,145,ICE,NO DATA,4-FI 2.4L,5-SP AUTOMATIC,NO DATA,3500
30,147,ICE,NO DATA,4-FI 2.4L,CVT,NO DATA,3500
31,148,ICE,NO DATA,4-FI 2.2L,NO DATA,NO DATA,3000
32,149,ICE,NO DATA,4-FI 1.8L,5-SP AUTOMATIC,NO DATA,2500
33,150,HEV,NO DATA,4-FI 1.3L GAS/ELEC.,CVT,NO DATA,2500
34,153,ICE,NO DATA,5-FI 2.5L,NO DATA,NO DATA,3000
35,154,ICE,NO DATA,4-FI 2.5L,NO DATA,NO DATA,3500
36,155,ICE,NO DATA,5-FI 2.5L,NO DATA,NO DATA,3000
37,156,ICE,NO DATA,6-FI 3.5L,6-SP ECT AUTOMATIC,NO DATA,4500
38,157,ICE,NO DATA,6-FI 3.5L,NO DATA,NO DATA,3500
39,159,ICE,NO DATA,4-FI 2.0L,NO DATA,NO DATA,2500
40,160,ICE,NO DATA,4-FI 2.4L,NO DATA,NO DATA,4000
41,161,ICE,NO DATA,4-FI 1.8L,NO DATA,NO DATA,3000
42,162,ICE,NO DATA,4-FI 2.5L,NO DATA,NO DATA,3500
43,163,ICE,NO DATA,6-FI 3.5L,5-SP AUTOMATIC,NO DATA,4500
44,164,ICE,NO DATA,6-FI 3.5L,NO DATA,NO DATA,4500
45,165,ICE,NO DATA,6-FI 3.5L,AUTOMATIC,NO DATA,3500
46,167,ICE,NO DATA,6-FI 3.5L,NO DATA,NO DATA,4500
47,169,ICE,NO DATA,6-FI 3.7L,NO DATA,NO DATA,5000
48,172,ICE,NO DATA,8-FI 4.8L,NO DATA,NO DATA,5500
49,174,ICE,NO DATA,4-FI 2.2L,NO DATA,NO DATA,3000
50,176,ICE,NO DATA,4-FI 2.4L,NO DATA,NO DATA,3500
51,179,ICE,NO DATA,4-FI 2.5L,NO DATA,NO DATA,3500
52,180,ICE,NO DATA,4-FI 1.6L,NO DATA,NO DATA,2500
53,181,ICE,NO DATA,4-FI 2.4L,NO DATA,NO DATA,3000
54,184,ICE,NO DATA,4-FI 2.3L T/C,NO DATA,NO DATA,4500
55,185,ICE,NO DATA,4-FI 1.5L,5-SP AUTOMATIC,NO DATA,2500
56,187,ICE,NO DATA,4-FI 1.5L,5-SP AUTOMATIC,NO DATA,2500
57,189,ICE,NO DATA,8-FI 5.4L,NO DATA,NO DATA,NO DATA
58,190,ICE,NO DATA,6-FI 3.6L,NO DATA,NO DATA,4500
59,191,ICE,NO DATA,4-FI 2.5L,NO DATA,NO DATA,3500
60,192,ICE,NO DATA,4-FI 2.4L,NO DATA,NO DATA,3500
61,193,ICE,NO DATA,4-FI 2.4L,5-SP AUTOMATIC,NO DATA,3000
62,195,ICE,NO DATA,4-FI 2.0L,NO DATA,NO DATA,3000
63,196,ICE,NO DATA,6-FI 4.3L,NO DATA,NO DATA,4000
64,199,ICE,NO DATA,4-FI 2.0L,AUTOMATIC/CVT,NO DATA,3000
65,200,ICE,NO DATA,5-FI 2.5L PZEV,NO DATA,NO DATA,3000
66,201,HEV,NO DATA,4-GAS/ELECTRIC 1.5L,NO DATA,NO DATA,2500
67,202,ICE,NO DATA,4-FI 1.8L,5-SP AUTOMATIC,NO DATA,2500
68,203,ICE,NO DATA,6-FI 3.3L,5-SP ECT AUTOMATIC,NO DATA,3500
69,205,ICE,NO DATA,4-FI 2.2L,AUTOMATIC,NO DATA,3000
70,206,ICE,NO DATA,4-FI 2.0L T/C,NO DATA,NO DATA,3500
71,207,ICE,NO DATA,6-FI 3.8L,NO DATA,NO DATA,4500
72,208,ICE,NO DATA,4-FI 2.5L,NO DATA,NO DATA,3500
73,209,ICE,NO DATA,4-FI 2.5L,FULL TIME 4WD AUTOMATIC,NO DATA,3500
74,211,ICE,NO DATA,4-FI 2.0L,NO DATA,NO DATA,3000
75,212,HEV,NO DATA,4-GAS/ELECTRIC 2.3L,NO DATA,NO DATA,4000
76,213,ICE,NO DATA,6-EFI 4.2L ,4-SP AUTOMATIC,NO DATA,4500
77,214,ICE,NO DATA,6-EFI 3.0L,NO DATA,NO DATA,4000
78,215,ICE,NO DATA,8-FI 4.6L,NO DATA,NO DATA,5000
79,216,ICE,NO DATA,4-FI 2.4L,CVT,NO DATA,3500
80,217,ICE,NO DATA,8-EFI 5.0L,NO DATA,NO DATA,6000
81,218,ICE,NO DATA,4-FI 2.4L,5-SP AUTOMATIC,NO DATA,3000
82,220,HEV,NO DATA,4-GAS/ELECTRIC 1.8L,NO DATA,NO DATA,3000
83,222,ICE,NO DATA,6-EFI 3.0L,NO DATA,NO DATA,3500
84,223,ICE,NO DATA,4-FI T/C 1.4L,NO DATA,NO DATA,3000
85,225,ICE,NO DATA,4-FI 2.0L T/C,NO DATA,NO DATA,3500
86,228,ICE,NO DATA,6-FI 3.0L,AUTOMATIC,NO DATA,3000
87,230,ICE,NO DATA,6-FI 3.6L,NO DATA,NO DATA,3500
88,231,HEV,NO DATA,4-GAS/ELECTRIC 1.8L,NO DATA,NO DATA,3000
89,232,ICE,NO DATA,4-FI 2.4L,NO DATA,NO DATA,3500
90,233,ICE,NO DATA,6-FI 3.7L,NO DATA,NO DATA,4000
91,234,ICE,NO DATA,6-FI 2.7L,NO DATA,NO DATA,3500
92,235,ICE,NO DATA,6-FI 3.1L,NO DATA,NO DATA,3000
93,237,ICE,NO DATA,6-FI 3.0L,NO DATA,NO DATA,3500
94,238,ICE,NO DATA,4-FI 1.6L T/C,NO DATA,NO DATA,3500
95,240,ICE,NO DATA,6-FI 3.5L,NO DATA,NO DATA,4500
96,241,HEV,NO DATA,4-GAS/ELECTRIC 1.8L,NO DATA,NO DATA,3000
97,242,HEV,NO DATA,4-GAS/ELECTRIC 1.8L,NO DATA,NO DATA,3500
98,243,ICE,NO DATA,6-FI 3.7L,NO DATA,NO DATA,4000
99,244,ICE,NO DATA,4-FI 2.5L,NO DATA,NO DATA,3500
100,246,ICE,NO DATA,6-FI 2.7L,NO DATA,NO DATA,3000
101,247,ICE,NO DATA,4-FI 1.8L,NO DATA,NO DATA,3000
102,248,ICE,NO DATA,4-FI 2.4L,NO DATA,NO DATA,4000
103,249,ICE,NO DATA,8-FI 4.8L,NO DATA,NO DATA,5000
104,250,ICE,NO DATA,8-FI 5.3L,NO DATA,NO DATA,5500
105,251,ICE,NO DATA,4-FI 2.4L,NO DATA,NO DATA,3000
106,252,ICE,NO DATA,6-FI 4.2L,NO DATA,NO DATA,4500
107,254,ICE,NO DATA,4-FI 1.8L,5-SP AUTOMATIC,NO DATA,2500
108,255,ICE,NO DATA,6-FI 3.5L,6-SP AUTOMATIC,NO DATA,4500
109,257,ICE,NO DATA,4-FI 2.4L,CVT,NO DATA,3000
110,258,HEV,NO DATA,4-GAS/ELECTRIC 1.8L,NO DATA,NO DATA,3000
111,259,ICE,NO DATA,6-FI 2.7L,NO DATA,NO DATA,3500
112,260,ICE,NO DATA,4-FI 2.5L,FULL TIME 4WD AUTOMATIC,NO DATA,3500
113,262,ICE,NO DATA,4-FI 2.3L,NO DATA,NO DATA,3000
114,264,ICE,NO DATA,6-FI 3.6L,NO DATA,NO DATA,4000
115,265,ICE,NO DATA,6-FI 3.0L,NO DATA,NO DATA,4000
116,266,ICE,NO DATA,4-FI 2.4L,4-SP AUTOMATIC,NO DATA,3500
117,267,ICE,NO DATA,4-FI 2.5L,AUTOMATIC/CVT,NO DATA,3500
118,268,ICE,NO DATA,4-FI 2.0L,NO DATA,NO DATA,2500
119,269,ICE,NO DATA,4-FI 1.8L,NO DATA,NO DATA,2500
120,270,ICE,NO DATA,4-FI 2.0L,NO DATA,NO DATA,2500
121,271,ICE,NO DATA,4-FI 2.0L,NO DATA,NO DATA,3000
122,272,HEV,NO DATA,4-GAS/ELECTRIC 1.5L,NO DATA,NO DATA,2500
123,273,ICE,NO DATA,4-FI 2.0L,NO DATA,NO DATA,3000
124,274,ICE,NO DATA,4-FI 1.4L T/C,NO DATA,NO DATA,3000
125,275,ICE,NO DATA,4-FI 2.4L,NO DATA,NO DATA,3500
126,276,ICE,NO DATA,4-FI 2.0L,NO DATA,NO DATA,2500
127,278,ICE,NO DATA,4-FI 2.4L,5-SP AUTOMATIC,NO DATA,3500
128,280,ICE,NO DATA,6-FI 3.8L,NO DATA,NO DATA,4500
129,282,ICE,NO DATA,4-FI 2.5L,FULL TIME 4WD MANUAL,NO DATA,3500
130,283,ICE,NO DATA,4-FI 1.5L,NO DATA,NO DATA,2500
131,285,ICE,NO DATA,4-FI 2.4L,NO DATA,NO DATA,3000
132,286,ICE,NO DATA,6-EFI 3.0L,NO DATA,NO DATA,3000
133,288,ICE,NO DATA,6-FI 3.7L,NO DATA,NO DATA,5000
134,289,ICE,NO DATA,4-FI 1.8L,NO DATA,NO DATA,2500
135,291,ICE,NO DATA,4-FI 2.5L,AUTOMATIC/CVT,NO DATA,3500
136,292,HEV,NO DATA,4-GAS/ELECTRIC 1.8L,NO DATA,NO DATA,3000
137,293,ICE,NO DATA,4-FI 1.4L T/C,NO DATA,NO DATA,3000
138,297,ICE,NO DATA,4-FI 2.5L,NO DATA,NO DATA,3500
139,298,HEV,NO DATA,4-GAS/ELECTRIC 1.5L,NO DATA,NO DATA,3000
140,299,ICE,NO DATA,4-FI 2.5L,AUTOMATIC/CVT,NO DATA,3500
141,300,ICE,NO DATA,6-FI 3.5L,5-SP AUTOMATIC,NO DATA,4500
142,301,ICE,NO DATA,4-FI 2.3L ULEV,4-SP AUTOMATIC,NO DATA,3000
143,302,ICE,NO DATA,4-FI 2.0L,NO DATA,NO DATA,2500
144,303,ICE,NO DATA,4-FI 1.8L,NO DATA,NO DATA,3000
145,304,ICE,NO DATA,4-FI 1.5L,5-SP MANUAL,NO DATA,2500
146,306,ICE,NO DATA,4-FI 2.4L,NO DATA,NO DATA,3000
147,307,ICE,NO DATA,4-FI 2.0L,NO DATA,NO DATA,3000
148,308,ICE,NO DATA,4-FI 1.8L,CVT,NO DATA,3000
149,309,ICE,NO DATA,6-FI 3.6L,NO DATA,NO DATA,4500
150,311,ICE,NO DATA,4-FI 2.0L T/C,NO DATA,NO DATA,3500
151,312,ICE,NO DATA,4-FI 1.8L,NO DATA,NO DATA,2500
152,313,ICE,NO DATA,4-FI 2.4L,NO DATA,NO DATA,4000
153,315,ICE,NO DATA,4-FI 2.4L,NO DATA,NO DATA,3500
154,318,ICE,NO DATA,4-FI 2.4L,NO DATA,NO DATA,3000
155,319,ICE,NO DATA,4-FI 1.5L,5-SP MANUAL,NO DATA,2500
156,321,ICE,NO DATA,6-FI 3.8L,NO DATA,NO DATA,4500
157,323,ICE,NO DATA,4-FI 1.6L T/C,NO DATA,NO DATA,3500
158,324,ICE,NO DATA,4-FI 1.8L,CVT,NO DATA,3000
159,325,ICE,NO DATA,6-FI 3.6L,NO DATA,NO DATA,4500
160,326,ICE,NO DATA,4-FI 2.0L T/C,NO DATA,NO DATA,4000
161,328,HEV,NO DATA,4-GAS/ELECTRIC 1.8L,NO DATA,NO DATA,3000
162,329,ICE,NO DATA,4-FI 2.4L,NO DATA,NO DATA,4000
163,330,ICE,NO DATA,4-FI 2.4L,NO DATA,NO DATA,4000
164,332,ICE,NO DATA,4-FI 2.0L PZEV,NO DATA,NO DATA,2500
165,333,ICE,NO DATA,4-FI 2.0L,NO DATA,NO DATA,2500
166,334,ICE,NO DATA,4-FI T/C 1.4L,NO DATA,NO DATA,3000
167,337,ICE,NO DATA,4-FI 2.5L,NO DATA,NO DATA,3000
168,338,HEV,NO DATA,4-GAS/ELECTRIC 1.8L,NO DATA,NO DATA,3000
169,340,ICE,NO DATA,6-FI 3.5L,NO DATA,NO DATA,3500
170,344,HEV,NO DATA,4-GAS/ELECTRIC 2.3L,NO DATA,NO DATA,3500
171,345,ICE,NO DATA,4-FI 2.5L,AUTOMATIC/CVT,NO DATA,3500
172,346,HEV,NO DATA,4-GAS/ELECTRIC 2.0L,NO DATA,NO DATA,3500
173,347,HEV,NO DATA,6-GAS/ELECTRIC 3.3L,NO DATA,NO DATA,4000
174,348,HEV,NO DATA,4-GAS/ELECTRIC 1.5L,NO DATA,NO DATA,3000
175,349,HEV,NO DATA,4-GAS/ELECTRIC 2.5L,NO DATA,NO DATA,3500
176,350,HEV,NO DATA,4-GAS/ELECTRIC 1.5L,NO DATA,NO DATA,3000
177,351,HEV,NO DATA,4-GAS/ELECTRIC 1.8L,NO DATA,NO DATA,3000
178,353,HEV,NO DATA,4-GAS/ELECTRIC 1.8L,NO DATA,NO DATA,3000
179,354,ICE,NO DATA,6-FI 3.8L,NO DATA,NO DATA,4500
180,355,HEV,NO DATA,4-GAS/ELECTRIC 1.8L,NO DATA,NO DATA,3000
181,356,ICE,NO DATA,4-FI 2.4L,NO DATA,NO DATA,3500
182,357,HEV,NO DATA,4-GAS/ELECTRIC 2.5L,NO DATA,NO DATA,3500
183,359,ICE,NO DATA,6-FI 3.5L,6-SP AUTOMATIC,NO DATA,4500
184,360,HEV,NO DATA,4-GAS/ELECTRIC 1.8L,NO DATA,NO DATA,3000
185,366,ICE,NO DATA,6-FI 3.5L,NO DATA,NO DATA,4500
186,367,ICE,NO DATA,4-FI 2.5L,AUTOMATIC/CVT,NO DATA,3500
187,368,HEV,NO DATA,4-GAS/ELECTRIC 2.4L,NO DATA,NO DATA,3500
188,369,HEV,NO DATA,4-GAS/ELECTRIC 1.8L,NO DATA,NO DATA,3000
189,370,ICE,NO DATA,6-FI 3.5L,NO DATA,NO DATA,4500
190,372,HEV,NO DATA,4-GAS/ELECTRIC 1.5L,NO DATA,NO DATA,3000
191,374,HEV,NO DATA,4-GAS/ELECTRIC 2.0L,NO DATA,NO DATA,4000
192,375,HEV,NO DATA,6-GAS/ELECTRIC 3.3L,NO DATA,NO DATA,4500
193,376,HEV,NO DATA,6-GAS/ELECTRIC 3.3L,NO DATA,NO DATA,4000
194,378,HEV,NO DATA,4-GAS/ELECTRIC 1.5L,NO DATA,NO DATA,2500
195,380,ICE,NO DATA,6-FI 3.5L,NO DATA,NO DATA,4500
196,381,HEV,NO DATA,4-GAS/ELECTRIC 2.4L,NO DATA,NO DATA,3500
197,382,HEV,NO DATA,4-GAS/ELECTRIC 1.5L,NO DATA,NO DATA,3000
198,383,HEV,NO DATA,4-GAS/ELECTRIC 1.8L,NO DATA,NO DATA,3000
199,384,HEV,NO DATA,4-GAS/ELECTRIC 1.8L,NO DATA,NO DATA,3000
200,385,HEV,NO DATA,4-GAS/ELECTRIC 1.8L,NO DATA,NO DATA,3000
201,386,HEV,NO DATA,4-GAS/ELECTRIC 1.5L,NO DATA,NO DATA,3000
202,387,HEV,NO DATA,4-GAS/ELECTRIC 1.5L,CVT,NO DATA,3000
203,389,HEV,NO DATA,4-GAS/ELECTRIC 1.5L,NO DATA,NO DATA,3000
204,392,HEV,NO DATA,6-GAS/ELECTRIC 3.5L,NO DATA,NO DATA,4500
205,393,HEV,NO DATA,4-GAS/ELECTRIC 2.5L,NO DATA,NO DATA,3500
206,394,ICE,NO DATA,8-FI 5.3L,NO DATA,NO DATA,5000
207,397,HEV,NO DATA,4-GAS/ELECTRIC 1.8L,NO DATA,NO DATA,3000
208,399,HEV,NO DATA,4-GAS/ELECTRIC 1.8L,NO DATA,NO DATA,3000
209,400,ICE,NO DATA,4-FI 2.5L,NO DATA,NO DATA,3500
210,401,ICE,NO DATA,4-FI 2.5L,NO DATA,NO DATA,3500
211,402,HEV,NO DATA,4-GAS/ELECTRIC 1.8L,NO DATA,NO DATA,3000
212,403,HEV,NO DATA,4-GAS/ELECTRIC 1.5L,NO DATA,NO DATA,3000
213,404,HEV,NO DATA,4-GAS/ELECTRIC 1.8L,NO DATA,NO DATA,3000
214,405,HEV,NO DATA,4-GAS/ELECTRIC 1.5L,NO DATA,NO DATA,3000
215,406,HEV,NO DATA,3-FI 1.0L GAS/ELEC.,NO DATA,NO DATA,2000
216,407,HEV,NO DATA,4-GAS/ELECTRIC 2.3L,NO DATA,NO DATA,3500
217,409,ICE,NO DATA,4-FI 2.4L,4-SP AUTOMATIC,NO DATA,3500
218,410,HEV,NO DATA,4-GAS/ELECTRIC 2.5L,NO DATA,NO DATA,3500
219,411,HEV,NO DATA,4-GAS/ELECTRIC 1.5L,NO DATA,NO DATA,3000
220,413,ICE,NO DATA,4-FI 2.4L,5-SP AUTOMATIC,NO DATA,3500
221,414,ICE,NO DATA,4-FI 2.4L,NO DATA,NO DATA,3500
222,415,ICE,NO DATA,4-FI 2.0L PZEV,NO DATA,NO DATA,2500
223,416,ICE,NO DATA,4-FI 2.4L,NO DATA,NO DATA,3500
224,418,HEV,NO DATA,4-GAS/ELECTRIC 1.8L,NO DATA,NO DATA,3000
225,422,HEV,NO DATA,4-GAS/ELECTRIC 1.5L,NO DATA,NO DATA,2500
226,426,ICE,NO DATA,4-FI 1.4L T/C,NO DATA,NO DATA,3000
227,428,HEV,NO DATA,4-GAS/ELECTRIC 1.8L,NO DATA,NO DATA,3000
228,429,ICE,NO DATA,6-FI 3.5L,AUTOMATIC,NO DATA,3500
229,430,HEV,NO DATA,4-GAS/ELECTRIC 1.8L,NO DATA,NO DATA,3500
230,432,ICE,NO DATA,4-FI 1.4L T/C,NO DATA,NO DATA,3000
231,433,ICE,NO DATA,6-FI 3.5L,NO DATA,NO DATA,4500
232,434,ICE,NO DATA,4-FI 1.4L T/C,NO DATA,NO DATA,3000
233,435,HEV,NO DATA,4-GAS/ELECTRIC 1.5L,NO DATA,NO DATA,3000
234,436,HEV,NO DATA,4-GAS/ELECTRIC 2.0L,NO DATA,NO DATA,3500
235,437,HEV,NO DATA,4-GAS/ELECTRIC 1.5L,NO DATA,NO DATA,3000
236,438,HEV,NO DATA,6-GAS/ELECTRIC 3.5L,NO DATA,NO DATA,5000
237,439,HEV,NO DATA,4-GAS/ELECTRIC 2.0L,CVT,NO DATA,3500
238,440,HEV,NO DATA,4-GAS/ELECTRIC 1.5L,NO DATA,NO DATA,3000
239,441,HEV,NO DATA,4-GAS/ELECTRIC 1.8L,NO DATA,NO DATA,3000
240,444,HEV,NO DATA,4-GAS/ELECTRIC 1.8L,NO DATA,NO DATA,3000
241,445,HEV,NO DATA,4-GAS/ELECTRIC 2.4L,NO DATA,NO DATA,3500
242,447,HEV,NO DATA,4-GAS/ELECTRIC 1.5L,NO DATA,NO DATA,3000
243,448,HEV,NO DATA,4-GAS/ELECTRIC 1.5L,NO DATA,NO DATA,3000
244,450,HEV,NO DATA,4-GAS/ELECTRIC 1.8L,NO DATA,NO DATA,3500
245,451,HEV,NO DATA,4-GAS/ELECTRIC 1.5L,NO DATA,NO DATA,3000
246,452,HEV,NO DATA,4-GAS/ELECTRIC 1.5L,NO DATA,NO DATA,3000
247,454,ICE,NO DATA,8-FI 5.7L HEMI (Hemi engine),NO DATA,NO DATA,4500
248,456,HEV,NO DATA,4-GAS/ELECTRIC 1.8L,NO DATA,NO DATA,3500
249,458,HEV,NO DATA,4-GAS/ELECTRIC 2.4L,NO DATA,NO DATA,3500
250,459,ICE,NO DATA,6-FI 3.6L,NO DATA,NO DATA,4000
251,460,ICE,NO DATA,6-FI 3.3L,NO DATA,NO DATA,4000
252,461,ICE,NO DATA,4-FI 2.4L,CVT,NO DATA,3000
253,462,ICE,NO DATA,4-FI 1.8L,NO DATA,NO DATA,3000
254,463,ICE,NO DATA,6-EFI 3.0L,NO DATA,NO DATA,3500
255,464,ICE,NO DATA,4-FI 1.8L,NO DATA,NO DATA,2500
256,465,ICE,NO DATA,6-FI 3.5L,NO DATA,NO DATA,4000
257,466,ICE,NO DATA,4-FI 2.0L,5-SP AWD MANUAL,NO DATA,3000
258,467,ICE,NO DATA,6-FI 3.6L,NO DATA,NO DATA,4500
259,468,HEV,NO DATA,4-GAS/ELECTRIC 1.8L,NO DATA,NO DATA,3500
260,469,ICE,NO DATA,6-FI 3.6L,NO DATA,NO DATA,4500
261,470,ICE,NO DATA,4-FI 1.8L,NO DATA,NO DATA,2500
262,472,ICE,NO DATA,6-FI 3.7L,NO DATA,NO DATA,4000
263,473,ICE,NO DATA,4-FI 2.4L,5-SP AUTOMATIC,NO DATA,3500
264,474,HEV,NO DATA,4-GAS/ELECTRIC 1.5L,NO DATA,NO DATA,3000
265,475,HEV,NO DATA,4-GAS/ELECTRIC 1.5L,NO DATA,NO DATA,3000
266,476,ICE,NO DATA,6-FI 3.5L,NO DATA,NO DATA,4000
267,477,HEV,NO DATA,4-GAS/ELECTRIC 1.5L,NO DATA,NO DATA,3000
268,478,ICE,NO DATA,4-FI T/C 2.0L,NO DATA,NO DATA,3500
269,480,ICE,NO DATA,4-FI 2.4L,NO DATA,NO DATA,3500
270,482,ICE,NO DATA,4-FI 2.4L,NO DATA,NO DATA,3000
271,483,ICE,NO DATA,4-FI 2.4L,NO DATA,NO DATA,4000
272,484,ICE,NO DATA,6-FI 3.5L,NO DATA,NO DATA,3500
273,485,ICE,NO DATA,4-FI 2.4L,NO DATA,NO DATA,4000
274,486,ICE,NO DATA,8-FI 5.7L HEMI,NO DATA,NO DATA,4500
275,487,ICE,NO DATA,4-FI 2.4L,NO DATA,NO DATA,3000
276,488,ICE,NO DATA,4-FI 2.5L,AUTOMATIC/CVT,NO DATA,3500
277,489,ICE,NO DATA,6-242-MFI 4.0L,NO DATA,NO DATA,4000
278,490,ICE,NO DATA,6-FI 3.6L,AUTOMATIC/CVT,NO DATA,3500
279,494,ICE,NO DATA,6-FI 3.5L,NO DATA,NO DATA,4500
280,498,ICE,NO DATA,6-FI 2.7L,NO DATA,NO DATA,3500
281,500,ICE,NO DATA,6-FI 3.5L,NO DATA,NO DATA,4500
282,501,ICE,NO DATA,4-FI 2.4L,4-SP AUTOMATIC,NO DATA,3500
283,502,ICE,NO DATA,4-FI 2.0L,NO DATA,NO DATA,2500
284,503,ICE,NO DATA,4-FI 2.0L,NO DATA,NO DATA,2500
285,504,ICE,NO DATA,4-FI 2.3L,NO DATA,NO DATA,3000
286,505,ICE,NO DATA,6-FI 3.8L,NO DATA,NO DATA,4000
287,506,ICE,NO DATA,4-FI 2.4L,5-SP AUTOMATIC,NO DATA,3500
288,507,ICE,NO DATA,4-FI 2.4L,NO DATA,NO DATA,4000
289,516,ICE,NO DATA,4-FI 2.3L T/C,NO DATA,NO DATA,3500
290,517,ICE,NO DATA,6-FI 3.5L,NO DATA,NO DATA,4500
291,519,ICE,NO DATA,6-FI 3.8L,NO DATA,NO DATA,4000
292,521,ICE,NO DATA,6-FI 3.5L,NO DATA,NO DATA,4500
293,522,ICE,NO DATA,4-FI 2.4L,CVT,NO DATA,3000
294,526,HEV,NO DATA,4-GAS/ELECTRIC 1.5L,NO DATA,NO DATA,3000
295,527,ICE,NO DATA,6-EFI 3.0L,NO DATA,NO DATA,3500
296,528,ICE,NO DATA,6-FI 3.3L,NO DATA,NO DATA,4500
297,529,ICE,NO DATA,6-FI 3.7L,NO DATA,NO DATA,4500
298,530,ICE,NO DATA,4-FI 2.5L,AUTOMATIC/CVT,NO DATA,3500
299,531,ICE,NO DATA,4-FI 1.5L,5-SP AUTOMATIC,NO DATA,2500
300,532,HEV,NO DATA,4-GAS/ELECTRIC 2.5L,NO DATA,NO DATA,3500
301,533,ICE,NO DATA,4-FI 2.0L T/C,NO DATA,NO DATA,3500
302,534,ICE,NO DATA,6-FI 3.5L,NO DATA,NO DATA,3500
303,535,ICE,NO DATA,6-FI 3.6L,NO DATA,NO DATA,4000
304,538,ICE,NO DATA,5-FI 2.5L,NO DATA,NO DATA,3000
305,539,ICE,NO DATA,4-FI 2.4L,NO DATA,NO DATA,3000
306,540,ICE,NO DATA,4-FI S/C 1.8L GAS,NO DATA,NO DATA,3500
307,543,HEV,NO DATA,4-GAS/ELECTRIC 2.0L,NO DATA,NO DATA,3500
308,546,ICE,NO DATA,4-FI 1.5L,CVT,NO DATA,2500
309,547,ICE,NO DATA,4-FI 1.6L,NO DATA,NO DATA,2500
310,548,ICE,NO DATA,4-FI 1.5L T/C,NO DATA,NO DATA,3500
311,549,HEV,NO DATA,4-GAS/ELECTRIC 1.5L,NO DATA,NO DATA,3000
312,552,ICE,NO DATA,4-FI 2.4L,NO DATA,NO DATA,3500
313,555,HEV,NO DATA,4-GAS/ELECTRIC 2.0L,NO DATA,NO DATA,3500
314,557,ICE,NO DATA,6-FI 3.5L,NO DATA,NO DATA,4500
315,558,HEV,NO DATA,4-GAS/ELECTRIC 1.6L,NO DATA,NO DATA,3000
316,562,ICE,NO DATA,4-FI 2.4L,5-SP AUTOMATIC,NO DATA,3000
317,563,ICE,NO DATA,4-FI 1.8L,5-SP AUTOMATIC,NO DATA,2500
318,564,HEV,NO DATA,4-GAS/ELECTRIC 1.5L,NO DATA,NO DATA,3000
319,565,HEV,NO DATA,4-FI 1.3L GAS/ELEC.,CVT,NO DATA,2500
320,566,HEV,NO DATA,4-GAS/ELECTRIC 1.5L,NO DATA,NO DATA,3000
321,571,ICE,NO DATA,4-FI 2.4L,5-SP AUTOMATIC,NO DATA,3500
322,573,HEV,NO DATA,4-GAS/ELECTRIC 1.8L,NO DATA,NO DATA,3000
323,574,HEV,NO DATA,4-GAS/ELECTRIC 2.0L,NO DATA,NO DATA,3500
324,575,ICE,NO DATA,4-FI 2.4L,NO DATA,NO DATA,4000
325,576,ICE,NO DATA,4-FI 2.0L,NO DATA,NO DATA,NO DATA
326,577,ICE,NO DATA,4-FI 2.4L,5-SP AUTOMATIC,NO DATA,3500
327,578,ICE,NO DATA,4-FI 1.8L,NO DATA,NO DATA,2500
328,579,HEV,NO DATA,4-GAS/ELECTRIC 2.0L,NO DATA,NO DATA,3500
329,580,ICE,NO DATA,4-FI 2.5L,6-SP AWD MANUAL,NO DATA,3500
330,581,ICE,NO DATA,4-FI 2.5L,AUTOMATIC/CVT,NO DATA,3500
331,584,ICE,NO DATA,4-FI 2.5L,NO DATA,NO DATA,3500
332,587,ICE,NO DATA,2.3L Gasoline I4,5-SP MANUAL,NO DATA,NO DATA
333,588,ICE,NO DATA,I4 2.4L Flex Fuel,9-SP Automatic,NO DATA,NO DATA
334,591,ICE,NO DATA,4-FI 2.0L,NO DATA,NO DATA,2500
335,592,ICE,NO DATA,2.4L,,NO DATA,4000
336,595,ICE,NO DATA,4-FI 1.6L T/C,NO DATA,NO DATA,3500
337,596,ICE,NO DATA,3.0L 6cyl 4A,,NO DATA,NO DATA
338,597,ICE,NO DATA,H-4 2.0 L/122,CVT,NO DATA,3000
339,598,ICE,NO DATA,6-FI 3.5L,5-SP AUTOMATIC,NO DATA,3500
340,599,ICE,NO DATA,I4 2.2L,,NO DATA,NO DATA
341,600,ICE,NO DATA,4-FI 1.6L,NO DATA,NO DATA,2500
342,601,ICE,NO DATA,4-FI 2.5L,NO DATA,NO DATA,3500
343,602,ICE,NO DATA,V6 4.0L,4-SP Automatic,NO DATA,NO DATA
344,603,ICE,NO DATA,V6 3.1L,4-SP Automatic,NO DATA,NO DATA
345,604,ICE,NO DATA,V8 4.7L,5-SP Automatic,NO DATA,NO DATA
346,605,HEV,NO DATA,4-GAS/ELECTRIC 2.3L,NO DATA,NO DATA,4000
347,606,ICE,NO DATA,6-FI 3.5L,NO DATA,NO DATA,4000
348,607,ICE,NO DATA,V6 3.0L,4-SP Automatic,NO DATA,NO DATA
349,608,ICE,NO DATA,4-FI 2.0L,NO DATA,NO DATA,2500
350,609,ICE,NO DATA,V6 3.8L,4-SP Automatic,NO DATA,NO DATA
351,610,HEV,NO DATA,4-GAS/ELECTRIC 1.5L,NO DATA,NO DATA,3000
352,616,ICE,NO DATA,V6 3.5L,5-SP Automatic,NO DATA,NO DATA
353,618,ICE,NO DATA,V6 3.5L,4-SP Automatic,NO DATA,NO DATA
354,624,ICE,NO DATA,H-4 2.5L,5-SP Automatic,NO DATA,NO DATA
355,625,ICE,NO DATA,I-4 1.8L,CVT,NO DATA,3000
356,630,ICE,NO DATA,I-4 2.4L,Automatic,NO DATA,NO DATA
357,9,PHEV,Car,4-GAS/ELECTRIC 1.4L,NO DATA,FWD,4000
358,10,EV,Car,ELECTRIC,NO DATA,FWD,3500
359,11,PHEV,Car,4-GAS/ELECTRIC 2.0L,CVT,FWD,4000
360,371,PHEV,Car,4-GAS/ELECTRIC 2.0L,CVT,FWD,4000
361,379,PHEV,Car,4-GAS/ELECTRIC 1.4L,NO DATA,FWD,4000
362,388,PHEV,Car,4-GAS/ELECTRIC 2.0L,CVT,FWD,4000
363,398,PHEV,Car,4-GAS/ELECTRIC 1.8L,CVT,FWD,3000
364,417,PHEV,Car,4-GAS/ELECTRIC 2.0L,CVT,FWD,4000
365,431,PHEV,Car,4-GAS/ELECTRIC 2.0L,CVT,FWD,4000
366,443,PHEV,Car,4-GAS/ELECTRIC 2.0L,CVT,FWD,4000
367,449,PHEV,Car,4-GAS/ELECTRIC 2.0L,CVT,FWD,4000
368,453,PHEV,Car,4-GAS/ELECTRIC 2.0L,CVT,FWD,4000
369,455,EV,Car,ELECTRIC,NO DATA,FWD,3500
370,457,PHEV,Car,4-GAS/ELECTRIC 1.4L,NO DATA,FWD,4000
371,492,PHEV,Car,4-GAS/ELECTRIC 1.4L,NO DATA,FWD,4000
372,497,PHEV,Car,4-GAS/ELECTRIC 1.8L,CVT,FWD,3500
373,536,PHEV,Car,4-GAS/ELECTRIC 1.4L,NO DATA,FWD,4000
374,537,PHEV,Car,4-GAS/ELECTRIC 1.5L,NO DATA,FWD,3500
375,541,EV,Car,ELECTRIC,NO DATA,FWD,3500
376,542,PHEV,Car,4-GAS/ELECTRIC 1.4L,NO DATA,FWD,4000
377,545,PHEV,Car,4-GAS/ELECTRIC 1.5L,NO DATA,FWD,3500
378,550,PHEV,Car,4-GAS/ELECTRIC 1.4L,NO DATA,FWD,4000
379,554,PHEV,Car,4-GAS/ELECTRIC 1.4L,NO DATA,FWD,4000
380,560,PHEV,Car,4-GAS/ELECTRIC 1.8L,CVT,FWD,3000
381,561,PHEV,Car,4-GAS/ELECTRIC 2.0L,CVT,FWD,4000
382,567,PHEV,Car,4-GAS/ELECTRIC 1.4L,NO DATA,FWD,4000
383,569,PHEV,Car,4-GAS/ELECTRIC 1.4L,NO DATA,FWD,4000
